[
    {
        "id": 1,
        "priority": 1,
        "action": {
            "type": "modifyHeaders",
            "responseHeaders": [
                {
                    "header": "x-frame-options",
                    "operation": "remove"
                },
                {
                    "header": "content-security-policy",
                    "operation": "remove"
                }
            ]
        },
        "condition": {
            "urlFilter": "lecturesnapp.com",
            "resourceTypes": [
                "sub_frame"
            ]
        }
    },
    {
        "id": 2,
        "priority": 1,
        "action": {
            "type": "modifyHeaders",
            "responseHeaders": [
                {
                    "header": "x-frame-options",
                    "operation": "remove"
                },
                {
                    "header": "content-security-policy",
                    "operation": "remove"
                }
            ]
        },
        "condition": {
            "urlFilter": "lecturesnapp.web.app",
            "resourceTypes": [
                "sub_frame"
            ]
        }
    }
]